<?xml version="1.0" encoding="UTF-8" ?>
<module>
	<name>solditems</name>
	<displayName><![CDATA[Articles vendus]]></displayName>
	<version><![CDATA[2.1.0]]></version>
	<description><![CDATA[Affiche la quantit&eacute; vendue d&#039;un produit - www.catalogo-onlinersi.com.ar]]></description>
	<author><![CDATA[RSI]]></author>
	<tab><![CDATA[pricing_promotion]]></tab>
	<is_configurable>1</is_configurable>
	<need_instance>0</need_instance>
	<limited_countries></limited_countries>
</module>